customer_id,email,country,signup_date,age,annual_spend,orders,plan,referral_code
1000,user0@example.com,Canada,2024-01-01,24.0,"$1,714.44",7,standard,
1001,user1@example.com,India,2024-01-02,55.0,"$1,013.80",5,standard,
1002,user2@example.com,usa ,2024-01-03,72.0,$582.48,8,standard,
1003,user3@example.com,USA,2024-01-04,,$914.48,7,standard,
1004,user4@example.com,USA,2024-01-05,33.0,"$1,072.82",7,standard,
1001,user5@example.com,UK,2024-01-06,43.0,$874.42,11,standard,
1002,user6@example.com,Canada,2024-01-07,48.0,$929.65,3,standard,
1007,user7@example.com,India,2024-01-08,32.0,"$1,275.88",7,standard,
1008,user8@example.com,canada,2024-01-09,33.0,$507.94,7,standard,
1009,user9@example.com,Canada,2024-01-10,31.0,$154.30,7,standard,
1010,user10@example.com,usa ,2024-01-11,74.0,"$1,244.02",480,standard,
1011,user11@example.com,UK,2024-01-12,60.0,$152.86,5,standard,
1012,user12@example.com,India,2024-01-13,65.0,$423.55,5,standard,
1013,user13@example.com,India,2024-01-14,64.0,$917.40,11,standard,
1014,user14@example.com,India,2024-01-15,72.0,$936.83,4,standard,
1015,user15@example.com,India,2024-01-16,24.0,$524.61,6,standard,
1016,user16@example.com,usa ,2024-01-17,68.0,$623.19,5,standard,
1017,user17@example.com,Canada,2024-01-18,21.0,$860.95,8,standard,
1018,user18@example.com,UK,2024-01-19,45.0,$370.63,10,standard,
1019,user19@example.com,USA,2024-01-20,51.0,"$1,911.24",6,standard,
1020,user20@example.com,usa ,2024-01-21,38.0,$305.30,950,standard,
1021,user21@example.com,USA,2024-01-22,26.0,$572.66,10,standard,
1022,user22@example.com,canada,2024-01-23,28.0,$463.26,10,standard,
1023,user23@example.com,UK,2024-01-24,65.0,$736.90,4,standard,
1024,user24@example.com,India,2024-01-25,36.0,"$1,845.09",4,standard,
1025,user25@example.com,usa ,2024-01-26,35.0,$289.20,6,standard,
1026,user26@example.com,USA,2024-01-27,70.0,$928.59,6,standard,
1027,user27@example.com,India,2024-01-28,26.0,"$1,053.01",11,standard,
1028,user28@example.com,usa ,2024-01-29,70.0,"$1,452.41",7,standard,
1029,user29@example.com,USA,2024-01-30,70.0,$337.39,2,standard,
1030,user30@example.com,USA,2024-01-31,52.0,$324.55,1200,standard,
1031,user31@example.com,canada,2024-02-01,27.0,$578.33,8,standard,
1032,user32@example.com,Canada,2024-02-02,26.0,$587.80,5,standard,
1033,user33@example.com,usa ,2024-02-03,34.0,$269.71,5,standard,
1034,user34@example.com,UK,2024-02-04,50.0,"$1,070.76",8,standard,
1035,user35@example.com,Canada,2024-02-05,26.0,$997.33,6,standard,
1036,user36@example.com,UK,2024-02-06,43.0,"$2,366.50",8,standard,
1037,user37@example.com,India,2024-02-07,24.0,$520.33,7,standard,
1038,user38@example.com,canada,2024-02-08,48.0,$263.06,7,standard,
1039,user39@example.com,usa ,2024-02-09,19.0,$304.96,1,standard,
1040,user40@example.com,Canada,2024-02-10,58.0,$854.63,5,standard,
1041,user41@example.com,India,2024-02-11,21.0,$344.34,7,standard,
1042,user42@example.com,India,2024-02-12,29.0,"$1,126.03",8,standard,
1043,user43@example.com,USA,2024-02-13,27.0,$383.15,11,standard,
1044,user44@example.com,Canada,2024-02-14,65.0,$768.52,10,standard,
1045,user45@example.com,UK,2024-02-15,21.0,$632.17,4,standard,
1046,user46@example.com,USA,2024-02-16,42.0,$301.64,5,standard,
1047,user47@example.com,UK,2024-02-17,51.0,$162.27,4,standard,
1048,user48@example.com,India,2024-02-18,,"$1,541.06",2,standard,
1049,user49@example.com,India,2024-02-19,56.0,$872.52,5,standard,
1050,user50@example.com,India,2024-02-20,63.0,$230.07,3,standard,
1051,user51@example.com,canada,2024-02-21,40.0,$252.14,8,standard,
1052,user52@example.com,USA,2024-02-22,65.0,"$2,321.39",4,standard,
1053,user53@example.com,USA,2024-02-23,36.0,$320.97,3,standard,
1054,user54@example.com,USA,2024-02-24,74.0,$803.71,8,standard,
1055,user55@example.com,Canada,2024-02-25,46.0,$125.76,3,standard,
1056,user56@example.com,usa ,2024-02-26,59.0,$470.97,5,standard,
1057,user57@example.com,Canada,2024-02-27,67.0,"$1,180.49",8,standard,
1058,user58@example.com,India,2024-02-28,63.0,$105.97,7,standard,
1059,user59@example.com,India,2024-02-29,66.0,$410.69,8,standard,
1060,user60@example.com,UK,2024-03-01,48.0,$392.26,8,standard,
1061,user61@example.com,India,2024-03-02,20.0,$986.97,6,standard,
1062,user62@example.com,USA,2024-03-03,46.0,$925.87,5,standard,
1063,user63@example.com,UK,2024-03-04,28.0,$984.89,9,standard,
1064,user64@example.com,USA,2024-03-05,68.0,$795.69,3,standard,
1065,user65@example.com,canada,2024-03-06,31.0,$924.73,5,standard,
1066,user66@example.com,UK,2024-03-07,30.0,$199.46,4,standard,
1067,user67@example.com,USA,2024-03-08,32.0,$799.40,2,standard,
1068,user68@example.com,Canada,2024-03-09,54.0,"$1,731.91",5,standard,
1069,user69@example.com,USA,2024-03-10,50.0,$683.38,6,standard,
1070,user70@example.com,India,2024-03-11,72.0,$395.14,8,standard,
1071,user71@example.com,canada,2024-03-12,41.0,$427.39,4,standard,
1072,user72@example.com,USA,2024-03-13,34.0,"$1,646.94",7,standard,
1073,user73@example.com,Canada,2024-03-14,20.0,$35.73,6,standard,
1074,user74@example.com,India,2024-03-15,18.0,"$3,039.81",8,standard,
1075,user75@example.com,USA,2024-03-16,39.0,$83.29,3,standard,
1076,user76@example.com,canada,2024-03-17,70.0,$529.52,5,standard,
1077,user77@example.com,canada,2024-03-18,47.0,$241.16,7,standard,
1078,user78@example.com,usa ,2024-03-19,68.0,$975.86,4,standard,
1079,user79@example.com,India,2024-03-20,23.0,"$1,096.84",9,standard,
1080,user80@example.com,UK,2024-03-21,23.0,$759.47,5,standard,
1081,user81@example.com,USA,2024-03-22,,$595.99,3,standard,
1082,user82@example.com,Canada,2024-03-23,24.0,$112.83,2,standard,
1083,user83@example.com,India,2024-03-24,,$484.68,5,standard,
1084,user84@example.com,usa ,2024-03-25,41.0,$580.71,1,standard,
1085,user85@example.com,India,2024-03-26,70.0,$243.70,11,standard,
1086,user86@example.com,Canada,2024-03-27,57.0,$845.58,7,standard,
1087,user87@example.com,canada,2024-03-28,23.0,$762.53,6,standard,
1088,user88@example.com,India,2024-03-29,,$513.05,3,standard,
1089,user89@example.com,India,2024-03-30,66.0,$657.64,7,standard,
1090,user90@example.com,USA,2024-03-31,63.0,$505.05,5,standard,
1091,user91@example.com,India,2024-04-01,69.0,$116.83,9,standard,
1092,user92@example.com,UK,2024-04-02,,$947.88,5,standard,
1093,user93@example.com,USA,2024-04-03,73.0,$817.44,5,standard,
1094,user94@example.com,UK,2024-04-04,,$191.66,6,standard,
1095,user95@example.com,canada,2024-04-05,63.0,$863.83,5,standard,
1096,user96@example.com,canada,2024-04-06,51.0,$885.96,6,standard,
1097,user97@example.com,India,2024-04-07,62.0,$887.59,8,standard,
1098,user98@example.com,usa ,2024-04-08,53.0,"$1,183.65",2,standard,
1099,user99@example.com,Canada,2024-04-09,54.0,"$1,544.47",7,standard,
1100,user100@example.com,India,2024-04-10,53.0,$466.15,4,standard,
1101,user101@example.com,canada,2024-04-11,62.0,"$1,164.09",4,standard,
1102,user102@example.com,India,2024-04-12,60.0,$456.69,11,standard,
1103,user103@example.com,Canada,2024-04-13,25.0,$842.36,6,standard,
1104,user104@example.com,India,2024-04-14,65.0,"$1,289.06",9,standard,
1105,user105@example.com,India,2024-04-15,48.0,$324.40,6,standard,
1106,user106@example.com,India,2024-04-16,36.0,$42.95,5,standard,
1107,user107@example.com,usa ,2024-04-17,,$296.95,6,standard,
1108,user108@example.com,USA,2024-04-18,,"$1,422.38",2,standard,
1109,user109@example.com,India,2024-04-19,66.0,$263.46,9,standard,
1110,user110@example.com,canada,2024-04-20,65.0,"$1,368.48",5,standard,
1111,user111@example.com,India,2024-04-21,44.0,$298.34,5,standard,
1112,user112@example.com,usa ,2024-04-22,,$558.68,2,standard,
1113,user113@example.com,USA,2024-04-23,39.0,$659.64,6,standard,
1114,user114@example.com,usa ,2024-04-24,57.0,$262.28,7,standard,
1115,user115@example.com,usa ,2024-04-25,54.0,$563.68,2,standard,
1116,user116@example.com,Canada,2024-04-26,32.0,$141.36,6,standard,
1117,user117@example.com,Canada,2024-04-27,33.0,$501.36,1,standard,
1118,user118@example.com,canada,2024-04-28,,$618.22,8,standard,
1119,user119@example.com,Canada,2024-04-29,25.0,$46.32,6,standard,
1120,user120@example.com,USA,2024-04-30,42.0,$294.63,6,standard,
1121,user121@example.com,India,2024-05-01,45.0,$823.50,6,standard,
1122,user122@example.com,usa ,2024-05-02,27.0,$234.21,2,standard,
1123,user123@example.com,USA,2024-05-03,41.0,$925.69,3,standard,
1124,user124@example.com,UK,2024-05-04,52.0,$992.08,5,standard,
1125,user125@example.com,usa ,2024-05-05,31.0,$820.86,5,standard,
1126,user126@example.com,Canada,2024-05-06,37.0,"$1,154.36",10,standard,
1127,user127@example.com,India,2024-05-07,,$131.26,6,standard,
1128,user128@example.com,usa ,2024-05-08,46.0,"$1,329.30",3,standard,
1129,user129@example.com,usa ,2024-05-09,,$266.31,5,standard,
1130,user130@example.com,usa ,2024-05-10,60.0,$719.13,13,standard,
1131,user131@example.com,usa ,2024-05-11,36.0,"$2,092.44",4,standard,
1132,user132@example.com,Canada,2024-05-12,42.0,$492.55,10,standard,
1133,user133@example.com,usa ,2024-05-13,39.0,$672.60,6,standard,
1134,user134@example.com,India,2024-05-14,28.0,$267.87,10,standard,
1135,user135@example.com,canada,2024-05-15,57.0,"$2,078.72",5,standard,
1136,user136@example.com,usa ,2024-05-16,31.0,$295.24,6,standard,
1137,user137@example.com,Canada,2024-05-17,34.0,"$1,054.52",8,standard,
1138,user138@example.com,USA,2024-05-18,63.0,"$1,542.61",6,standard,
1139,user139@example.com,USA,2024-05-19,72.0,"$1,126.47",7,standard,
1140,user140@example.com,UK,2024-05-20,56.0,$858.59,4,standard,
1141,user141@example.com,canada,2024-05-21,,$710.79,6,standard,
1142,user142@example.com,canada,2024-05-22,66.0,$200.10,8,standard,
1143,user143@example.com,USA,2024-05-23,45.0,"$2,017.42",4,standard,
1144,user144@example.com,UK,2024-05-24,61.0,$807.33,6,standard,
1145,user145@example.com,UK,2024-05-25,36.0,$672.91,8,standard,
1146,user146@example.com,Canada,2024-05-26,44.0,$246.42,3,standard,
1147,user147@example.com,canada,2024-05-27,48.0,$698.34,6,standard,
1148,user148@example.com,India,2024-05-28,72.0,$640.58,4,standard,
1149,user149@example.com,Canada,2024-05-29,66.0,"$2,092.41",9,standard,
1150,user150@example.com,UK,2024-05-30,45.0,$672.59,3,standard,
1151,user151@example.com,canada,2024-05-31,55.0,$689.76,7,standard,
1152,user152@example.com,UK,2024-06-01,29.0,$249.37,4,standard,
1153,user153@example.com,canada,2024-06-02,,$350.84,7,standard,
1154,user154@example.com,USA,2024-06-03,,$967.04,9,standard,
1155,user155@example.com,usa ,2024-06-04,48.0,$104.20,11,standard,
1156,user156@example.com,Canada,2024-06-05,61.0,"$1,324.36",5,standard,
1157,user157@example.com,usa ,2024-06-06,54.0,"$1,349.11",7,standard,
1158,user158@example.com,usa ,2024-06-07,22.0,$318.58,14,standard,
1159,user159@example.com,India,2024-06-08,34.0,$860.92,5,standard,
1160,user160@example.com,UK,2024-06-09,28.0,"$1,576.89",6,standard,
1161,user161@example.com,usa ,2024-06-10,59.0,$600.69,9,standard,
1162,user162@example.com,USA,2024-06-11,,$515.09,7,standard,
1163,user163@example.com,USA,2024-06-12,29.0,$567.66,9,standard,
1164,user164@example.com,USA,2024-06-13,52.0,$805.97,10,standard,
1165,user165@example.com,India,2024-06-14,57.0,$392.09,6,standard,
1166,user166@example.com,canada,2024-06-15,,$479.88,4,standard,
1167,user167@example.com,canada,2024-06-16,67.0,$817.93,6,standard,
1168,user168@example.com,USA,2024-06-17,70.0,$447.75,2,standard,
1169,user169@example.com,Canada,2024-06-18,25.0,$228.62,5,standard,
1170,user170@example.com,Canada,2024-06-19,,$93.35,6,standard,
1171,user171@example.com,Canada,2024-06-20,53.0,$682.76,5,standard,
1172,user172@example.com,India,2024-06-21,54.0,"$1,510.78",9,standard,
1173,user173@example.com,India,2024-06-22,,$892.74,4,standard,
1174,user174@example.com,India,2024-06-23,53.0,$237.41,8,standard,
1175,user175@example.com,USA,2024-06-24,59.0,$348.56,6,standard,
1176,user176@example.com,India,2024-06-25,51.0,$511.98,5,standard,
1177,user177@example.com,Canada,2024-06-26,22.0,"$2,136.80",10,standard,
1178,user178@example.com,UK,2024-06-27,47.0,"$2,213.68",6,standard,
1179,user179@example.com,usa ,2024-06-28,71.0,"$2,044.22",4,standard,
1180,user180@example.com,UK,2024-06-29,59.0,$736.66,3,standard,
1181,user181@example.com,Canada,2024-06-30,25.0,"$4,024.19",4,standard,
1182,user182@example.com,USA,2024-07-01,72.0,$364.07,8,standard,
1183,user183@example.com,India,2024-07-02,72.0,$496.73,9,standard,
1184,user184@example.com,USA,2024-07-03,27.0,"$1,254.55",5,standard,
1185,user185@example.com,USA,2024-07-04,63.0,$821.12,3,standard,
1186,user186@example.com,Canada,2024-07-05,41.0,$856.02,10,standard,
1187,user187@example.com,USA,2024-07-06,51.0,$277.27,5,standard,
1188,user188@example.com,canada,2024-07-07,43.0,$636.96,4,standard,
1189,user189@example.com,canada,2024-07-08,62.0,$368.84,3,standard,
1190,user190@example.com,India,2024-07-09,74.0,$186.02,4,standard,
1191,user191@example.com,usa ,2024-07-10,63.0,$407.95,0,standard,
1192,user192@example.com,usa ,2024-07-11,71.0,$821.29,4,standard,
1193,user193@example.com,USA,2024-07-12,71.0,"$1,114.99",3,standard,
1194,user194@example.com,UK,2024-07-13,23.0,$89.22,6,standard,
1195,user195@example.com,Canada,2024-07-14,32.0,$660.33,8,standard,
1196,user196@example.com,USA,2024-07-15,59.0,$614.67,6,standard,
1197,user197@example.com,Canada,2024-07-16,51.0,$790.06,6,standard,
1198,user198@example.com,USA,2024-07-17,20.0,$241.76,3,standard,
1199,user199@example.com,UK,2024-07-18,23.0,$246.46,6,standard,
1200,user200@example.com,USA,2024-07-19,47.0,"$1,538.35",7,standard,
1201,user201@example.com,UK,2024-07-20,53.0,$322.38,3,standard,
1202,user202@example.com,USA,2024-07-21,27.0,$477.23,8,standard,
1203,user203@example.com,India,2024-07-22,27.0,$518.29,6,standard,
1204,user204@example.com,USA,2024-07-23,25.0,$374.96,7,standard,
1205,user205@example.com,canada,2024-07-24,50.0,$945.79,6,standard,
1206,user206@example.com,India,2024-07-25,18.0,$888.83,9,standard,
1207,user207@example.com,UK,2024-07-26,50.0,$593.39,3,standard,
1208,user208@example.com,canada,2024-07-27,45.0,$394.21,8,standard,
1209,user209@example.com,India,2024-07-28,44.0,$556.90,6,standard,
1210,user210@example.com,canada,2024-07-29,56.0,$703.43,5,standard,
1211,user211@example.com,India,2024-07-30,47.0,$348.94,8,standard,
1212,user212@example.com,India,2024-07-31,59.0,$996.69,6,standard,
1213,user213@example.com,USA,2024-08-01,61.0,"$1,317.60",6,standard,
1214,user214@example.com,India,2024-08-02,,"$1,717.43",5,standard,
1215,user215@example.com,canada,2024-08-03,63.0,"$1,647.68",11,standard,
1216,user216@example.com,Canada,2024-08-04,47.0,$515.61,7,standard,
1217,user217@example.com,Canada,2024-08-05,46.0,$730.15,6,standard,
1218,user218@example.com,USA,2024-08-06,31.0,$584.49,5,standard,
1219,user219@example.com,UK,2024-08-07,52.0,$582.81,10,standard,
1220,user220@example.com,Canada,2024-08-08,25.0,$553.77,12,standard,
1221,user221@example.com,USA,2024-08-09,71.0,$669.78,2,standard,
1222,user222@example.com,India,2024-08-10,66.0,"$1,467.65",8,standard,
1223,user223@example.com,canada,2024-08-11,24.0,$839.68,7,standard,
1224,user224@example.com,India,2024-08-12,62.0,$231.47,5,standard,
1225,user225@example.com,canada,2024-08-13,24.0,"$1,279.66",4,standard,
1226,user226@example.com,India,2024-08-14,59.0,$782.02,6,standard,
1227,user227@example.com,usa ,2024-08-15,22.0,$953.57,4,standard,
1228,user228@example.com,usa ,2024-08-16,45.0,$827.53,5,standard,
1229,user229@example.com,canada,2024-08-17,,$855.57,6,standard,
1230,user230@example.com,USA,2024-08-18,59.0,$884.58,4,standard,
1231,user231@example.com,UK,2024-08-19,41.0,$113.97,3,standard,
1232,user232@example.com,Canada,2024-08-20,70.0,$944.92,7,standard,
1233,user233@example.com,India,2024-08-21,62.0,$362.41,7,standard,
1234,user234@example.com,USA,2024-08-22,,$446.65,2,standard,
1235,user235@example.com,India,2024-08-23,56.0,$665.68,5,standard,
1236,user236@example.com,usa ,2024-08-24,59.0,"$1,898.69",4,standard,
1237,user237@example.com,USA,2024-08-25,37.0,$271.46,3,standard,
1238,user238@example.com,canada,2024-08-26,60.0,$648.45,4,standard,
1239,user239@example.com,usa ,2024-08-27,69.0,$543.09,7,standard,
1240,user240@example.com,Canada,2024-08-28,64.0,"$1,266.99",2,standard,
1241,user241@example.com,usa ,2024-08-29,61.0,$531.04,7,standard,
1242,user242@example.com,Canada,2024-08-30,54.0,$788.65,6,standard,
1243,user243@example.com,usa ,2024-08-31,33.0,$272.21,6,standard,
1244,user244@example.com,usa ,2024-09-01,63.0,"$1,415.30",3,standard,
1245,user245@example.com,Canada,2024-09-02,38.0,$170.03,8,standard,
1246,user246@example.com,India,2024-09-03,48.0,$935.72,9,standard,
1247,user247@example.com,USA,2024-09-04,35.0,$792.33,4,standard,
1248,user248@example.com,India,2024-09-05,35.0,$879.29,3,standard,
1249,user249@example.com,Canada,2024-09-06,26.0,$172.66,5,standard,
1250,user250@example.com,canada,2024-09-07,72.0,$522.29,9,standard,
1251,user251@example.com,USA,2024-09-08,26.0,"$1,224.84",3,standard,
1252,user252@example.com,canada,2024-09-09,22.0,"$2,088.88",5,standard,
1253,user253@example.com,canada,2024-09-10,71.0,$611.59,9,standard,
1254,user254@example.com,usa ,2024-09-11,49.0,"$1,146.23",6,standard,
1255,user255@example.com,Canada,2024-09-12,42.0,$736.50,2,standard,
1256,user256@example.com,India,2024-09-13,60.0,$636.52,7,standard,
1257,user257@example.com,Canada,2024-09-14,,$474.72,2,standard,
1258,user258@example.com,canada,2024-09-15,,$668.21,10,standard,
1259,user259@example.com,usa ,2024-09-16,59.0,"$1,076.01",2,standard,
1260,user260@example.com,India,2024-09-17,28.0,"$1,138.41",7,standard,
1261,user261@example.com,canada,2024-09-18,49.0,$210.71,7,standard,
1262,user262@example.com,canada,2024-09-19,72.0,$440.08,2,standard,
1263,user263@example.com,UK,2024-09-20,71.0,$259.53,7,standard,
1264,user264@example.com,UK,2024-09-21,38.0,$693.97,6,standard,
1265,user265@example.com,usa ,2024-09-22,62.0,$507.42,4,standard,
1266,user266@example.com,USA,2024-09-23,52.0,$858.03,2,standard,
1267,user267@example.com,USA,2024-09-24,45.0,$901.49,11,standard,
1268,user268@example.com,usa ,2024-09-25,25.0,$55.66,4,standard,
1269,user269@example.com,usa ,2024-09-26,39.0,$664.28,6,standard,
1270,user270@example.com,canada,2024-09-27,55.0,"$1,487.24",8,standard,
1271,user271@example.com,Canada,2024-09-28,74.0,$440.23,3,standard,
1272,user272@example.com,Canada,2024-09-29,18.0,$429.52,4,standard,
1273,user273@example.com,UK,2024-09-30,58.0,"$1,316.57",7,standard,
1274,user274@example.com,USA,2024-10-01,66.0,"$1,175.27",8,standard,
1275,user275@example.com,USA,2024-10-02,72.0,$285.18,2,standard,
1276,user276@example.com,USA,2024-10-03,42.0,"$1,096.38",3,standard,
1277,user277@example.com,India,2024-10-04,,$345.41,9,standard,
1278,user278@example.com,Canada,2024-10-05,33.0,$425.78,5,standard,
1279,user279@example.com,Canada,2024-10-06,66.0,$284.93,3,standard,
1280,user280@example.com,canada,2024-10-07,,$209.05,8,standard,
1281,user281@example.com,USA,2024-10-08,54.0,$724.91,12,standard,
1282,user282@example.com,India,2024-10-09,24.0,$178.37,6,standard,
1283,user283@example.com,USA,2024-10-10,24.0,$747.08,9,standard,
1284,user284@example.com,USA,2024-10-11,45.0,$729.67,0,standard,
1285,user285@example.com,UK,2024-10-12,51.0,$590.41,14,standard,
1286,user286@example.com,Canada,2024-10-13,19.0,$457.64,7,standard,
1287,user287@example.com,usa ,2024-10-14,,$386.21,4,standard,
1288,user288@example.com,usa ,2024-10-15,49.0,$252.19,2,standard,
1289,user289@example.com,USA,2024-10-16,18.0,"$1,726.01",7,standard,
1290,user290@example.com,India,2024-10-17,23.0,$570.08,6,standard,
1291,user291@example.com,canada,2024-10-18,43.0,$555.13,11,standard,
1292,user292@example.com,UK,2024-10-19,59.0,$297.64,10,standard,
1293,user293@example.com,canada,2024-10-20,65.0,"$1,606.11",7,standard,
1294,user294@example.com,usa ,2024-10-21,42.0,$407.32,11,standard,
1295,user295@example.com,usa ,2024-10-22,,$800.63,5,standard,
1296,user296@example.com,UK,2024-10-23,73.0,$915.94,5,standard,
1297,user297@example.com,USA,2024-10-24,44.0,$725.32,2,standard,
1298,user298@example.com,canada,2024-10-25,35.0,$173.95,4,standard,
1299,user299@example.com,Canada,2024-10-26,43.0,"$1,064.10",9,standard,
1300,user300@example.com,USA,2024-10-27,18.0,$403.79,8,standard,
1301,user301@example.com,India,2024-10-28,35.0,"$1,167.19",6,standard,
1302,user302@example.com,Canada,2024-10-29,,$632.62,5,standard,
1303,user303@example.com,UK,2024-10-30,70.0,$956.05,4,standard,
1304,user304@example.com,usa ,2024-10-31,60.0,"$1,535.66",5,standard,
1305,user305@example.com,Canada,2024-11-01,62.0,"$1,036.73",4,standard,
1306,user306@example.com,canada,2024-11-02,49.0,$972.63,7,standard,
1307,user307@example.com,usa ,2024-11-03,24.0,"$1,097.94",8,standard,
1308,user308@example.com,canada,2024-11-04,40.0,$334.77,4,standard,
1309,user309@example.com,Canada,2024-11-05,74.0,"$1,201.49",4,standard,
1310,user310@example.com,usa ,2024-11-06,20.0,$535.99,5,standard,
1311,user311@example.com,India,2024-11-07,68.0,$550.05,4,standard,
1312,user312@example.com,Canada,2024-11-08,57.0,$708.29,3,standard,
1313,user313@example.com,canada,2024-11-09,34.0,$496.97,4,standard,
1314,user314@example.com,canada,2024-11-10,62.0,$275.37,16,standard,
1315,user315@example.com,usa ,2024-11-11,65.0,$668.27,12,standard,
1316,user316@example.com,India,2024-11-12,20.0,$552.15,7,standard,
1317,user317@example.com,India,2024-11-13,24.0,$536.66,5,standard,
1318,user318@example.com,UK,2024-11-14,,$617.11,6,standard,
1319,user319@example.com,India,2024-11-15,74.0,$64.23,5,standard,
1320,user320@example.com,canada,2024-11-16,19.0,$539.83,8,standard,
1321,user321@example.com,Canada,2024-11-17,55.0,"$1,665.00",7,standard,
1322,user322@example.com,usa ,2024-11-18,25.0,"$1,577.91",9,standard,
1323,user323@example.com,UK,2024-11-19,55.0,$686.08,2,standard,
1324,user324@example.com,UK,2024-11-20,53.0,$668.63,6,standard,
1325,user325@example.com,canada,2024-11-21,23.0,$43.01,3,standard,
1326,user326@example.com,canada,2024-11-22,56.0,$423.67,7,standard,
1327,user327@example.com,Canada,2024-11-23,69.0,"$1,090.31",4,standard,
1328,user328@example.com,Canada,2024-11-24,,$487.28,7,standard,
1329,user329@example.com,usa ,2024-11-25,19.0,"$1,352.71",8,standard,
1330,user330@example.com,usa ,2024-11-26,32.0,"$1,297.58",5,standard,
1331,user331@example.com,USA,2024-11-27,31.0,$416.72,9,standard,
1332,user332@example.com,canada,2024-11-28,43.0,$725.43,6,standard,
1333,user333@example.com,India,2024-11-29,26.0,"$1,753.25",3,standard,
1334,user334@example.com,USA,2024-11-30,66.0,$169.86,8,standard,
1335,user335@example.com,India,2024-12-01,62.0,$496.12,4,standard,
1336,user336@example.com,UK,2024-12-02,,$151.92,0,standard,
1337,user337@example.com,canada,2024-12-03,29.0,$313.62,6,standard,
1338,user338@example.com,canada,2024-12-04,18.0,"$2,097.04",6,standard,
1339,user339@example.com,UK,2024-12-05,69.0,$495.99,7,standard,
1340,user340@example.com,usa ,2024-12-06,34.0,$87.05,6,standard,
1341,user341@example.com,canada,2024-12-07,55.0,$272.74,10,standard,
1342,user342@example.com,usa ,2024-12-08,69.0,$134.72,7,standard,
1343,user343@example.com,usa ,2024-12-09,20.0,$746.40,8,standard,
1344,user344@example.com,UK,2024-12-10,18.0,$906.32,5,standard,
1345,user345@example.com,canada,2024-12-11,18.0,"$1,212.59",3,standard,
1346,user346@example.com,UK,2024-12-12,26.0,"$1,049.78",5,standard,
1347,user347@example.com,UK,2024-12-13,20.0,$178.57,8,standard,
1348,user348@example.com,canada,2024-12-14,64.0,$873.70,5,standard,
1349,user349@example.com,Canada,2024-12-15,52.0,$596.48,4,standard,
1350,user350@example.com,usa ,2024-12-16,73.0,"$1,334.02",4,standard,
1351,user351@example.com,Canada,2024-12-17,63.0,"$1,133.90",2,standard,
1352,user352@example.com,canada,2024-12-18,72.0,"$2,277.99",5,standard,
1353,user353@example.com,USA,2024-12-19,31.0,$293.54,7,standard,
1354,user354@example.com,UK,2024-12-20,34.0,$255.90,3,standard,
1355,user355@example.com,UK,2024-12-21,66.0,$445.80,4,standard,
1356,user356@example.com,Canada,2024-12-22,31.0,$615.17,6,standard,
1357,user357@example.com,UK,2024-12-23,21.0,$375.60,5,standard,
1358,user358@example.com,Canada,2024-12-24,56.0,$307.82,5,standard,
1359,user359@example.com,India,2024-12-25,63.0,$832.40,8,standard,
1360,user360@example.com,UK,2024-12-26,73.0,$444.66,7,standard,
1361,user361@example.com,UK,2024-12-27,70.0,$361.91,8,standard,
1362,user362@example.com,canada,2024-12-28,24.0,$178.23,8,standard,
1363,user363@example.com,UK,2024-12-29,62.0,$49.08,9,standard,
1364,user364@example.com,Canada,2024-12-30,66.0,"$1,611.63",8,standard,
1365,user365@example.com,usa ,2024-12-31,57.0,"$1,579.85",4,standard,
1366,user366@example.com,USA,2025-01-01,64.0,"$1,157.93",8,standard,
1367,user367@example.com,canada,2025-01-02,65.0,$975.49,2,standard,
1368,user368@example.com,Canada,2025-01-03,43.0,$411.02,7,standard,
1369,user369@example.com,India,2025-01-04,20.0,"$1,003.87",7,standard,
1370,user370@example.com,USA,2025-01-05,44.0,$238.71,11,standard,
1371,user371@example.com,usa ,2025-01-06,29.0,$712.34,12,standard,
1372,user372@example.com,USA,2025-01-07,24.0,$335.44,3,standard,
1373,user373@example.com,USA,2025-01-08,25.0,"$1,006.82",6,standard,
1374,user374@example.com,UK,2025-01-09,57.0,"$1,832.05",3,standard,
1375,user375@example.com,Canada,2025-01-10,46.0,$271.76,7,standard,
1376,user376@example.com,India,2025-01-11,48.0,$428.35,2,standard,
1377,user377@example.com,India,2025-01-12,60.0,$702.39,7,standard,
1378,user378@example.com,USA,2025-01-13,49.0,$101.09,3,standard,
1379,user379@example.com,canada,2025-01-14,53.0,$142.11,12,standard,
1380,user380@example.com,Canada,2025-01-15,22.0,"$1,796.73",5,standard,
1381,user381@example.com,UK,2025-01-16,,$835.08,6,standard,
1382,user382@example.com,UK,2025-01-17,43.0,$391.94,3,standard,
1383,user383@example.com,canada,2025-01-18,26.0,$646.96,6,standard,
1384,user384@example.com,Canada,2025-01-19,64.0,$447.36,4,standard,
1385,user385@example.com,Canada,2025-01-20,59.0,$718.25,5,standard,
1386,user386@example.com,Canada,2025-01-21,21.0,$461.39,3,standard,
1387,user387@example.com,India,2025-01-22,29.0,$608.78,5,standard,
1388,user388@example.com,UK,2025-01-23,18.0,"$1,070.34",6,standard,
1389,user389@example.com,Canada,2025-01-24,33.0,"$1,022.55",9,standard,
1390,user390@example.com,India,2025-01-25,23.0,"$1,730.12",3,standard,
1391,user391@example.com,canada,2025-01-26,58.0,$878.46,6,standard,
1392,user392@example.com,USA,2025-01-27,47.0,$678.80,6,standard,
1393,user393@example.com,usa ,2025-01-28,73.0,"$1,902.01",12,standard,
1394,user394@example.com,India,2025-01-29,60.0,$560.30,4,standard,
1395,user395@example.com,UK,2025-01-30,52.0,$56.62,6,standard,
1396,user396@example.com,Canada,2025-01-31,47.0,"$1,167.87",4,standard,
1397,user397@example.com,canada,2025-02-01,21.0,$804.54,10,standard,
1398,user398@example.com,canada,2025-02-02,22.0,$654.74,1,standard,
1399,user399@example.com,canada,2025-02-03,53.0,"$1,189.28",8,standard,
1400,user400@example.com,UK,2025-02-04,18.0,$464.67,9,standard,
1401,user401@example.com,India,2025-02-05,20.0,$60.85,5,standard,
1402,user402@example.com,canada,2025-02-06,30.0,"$1,205.52",4,standard,
1403,user403@example.com,UK,2025-02-07,68.0,$380.12,1,standard,
1404,user404@example.com,USA,2025-02-08,44.0,$282.09,5,standard,
1405,user405@example.com,usa ,2025-02-09,58.0,$65.66,8,standard,
1406,user406@example.com,USA,2025-02-10,,"$1,136.65",7,standard,
1407,user407@example.com,Canada,2025-02-11,27.0,$30.97,7,standard,
1408,user408@example.com,UK,2025-02-12,39.0,"$1,527.51",4,standard,
1409,user409@example.com,Canada,2025-02-13,23.0,$502.83,5,standard,
1410,user410@example.com,canada,2025-02-14,61.0,"$1,174.43",7,standard,
1411,user411@example.com,canada,2025-02-15,28.0,$897.78,8,standard,
1412,user412@example.com,canada,2025-02-16,39.0,"$2,135.50",5,standard,
1413,user413@example.com,Canada,2025-02-17,73.0,$880.32,7,standard,
1414,user414@example.com,Canada,2025-02-18,51.0,"$1,489.70",3,standard,
1415,user415@example.com,India,2025-02-19,44.0,$417.00,3,standard,
1416,user416@example.com,UK,2025-02-20,48.0,$141.47,5,standard,
1417,user417@example.com,Canada,2025-02-21,62.0,"$1,301.45",3,standard,
1418,user418@example.com,canada,2025-02-22,32.0,$136.74,5,standard,
1419,user419@example.com,usa ,2025-02-23,54.0,"$1,127.95",5,standard,
1420,user420@example.com,UK,2025-02-24,67.0,$251.43,6,standard,REF0
1421,user421@example.com,India,2025-02-25,50.0,$816.10,6,standard,REF1
1422,user422@example.com,India,2025-02-26,43.0,"$2,161.72",3,standard,REF2
1423,user423@example.com,usa ,2025-02-27,26.0,"$1,067.38",6,standard,REF3
1424,user424@example.com,USA,2025-02-28,32.0,$562.24,7,standard,REF4
1425,user425@example.com,canada,2025-03-01,71.0,$912.88,9,standard,REF5
1426,user426@example.com,UK,2025-03-02,48.0,$429.99,6,standard,REF6
1427,user427@example.com,India,2025-03-03,35.0,"$2,712.27",6,standard,REF7
1428,user428@example.com,Canada,2025-03-04,41.0,$355.51,5,standard,REF8
1429,user429@example.com,India,2025-03-05,50.0,$611.88,5,standard,REF9
1430,user430@example.com,Canada,2025-03-06,48.0,"$1,001.22",5,standard,REF10
1431,user431@example.com,India,2025-03-07,57.0,$865.85,4,standard,REF11
1432,user432@example.com,India,2025-03-08,,$937.54,10,standard,REF12
1433,user433@example.com,Canada,2025-03-09,55.0,$437.59,6,standard,REF13
1434,user434@example.com,USA,2025-03-10,43.0,$543.93,2,standard,REF14
1435,user435@example.com,Canada,2025-03-11,71.0,"$1,260.63",7,standard,REF15
1436,user436@example.com,usa ,2025-03-12,27.0,"$1,218.22",2,standard,REF16
1437,user437@example.com,UK,2025-03-13,26.0,$880.88,5,standard,REF17
1438,user438@example.com,Canada,2025-03-14,44.0,"$1,615.05",8,standard,REF18
1439,user439@example.com,USA,2025-03-15,46.0,"$1,295.11",7,standard,REF19
1440,user440@example.com,UK,2025-03-16,57.0,"$1,193.02",3,standard,REF20
1441,user441@example.com,canada,2025-03-17,41.0,$133.82,13,standard,REF21
1442,user442@example.com,Canada,2025-03-18,70.0,$873.19,5,standard,REF22
1443,user443@example.com,USA,2025-03-19,45.0,$762.46,8,standard,REF23
1444,user444@example.com,usa ,2025-03-20,,"$1,753.90",7,standard,REF24
1445,user445@example.com,usa ,2025-03-21,24.0,$585.20,7,standard,REF25
1446,user446@example.com,canada,2025-03-22,73.0,$716.49,5,standard,REF26
1447,user447@example.com,UK,2025-03-23,25.0,$248.26,4,standard,REF27
1448,user448@example.com,usa ,2025-03-24,72.0,$296.75,4,standard,REF28
1449,user449@example.com,canada,2025-03-25,33.0,"$1,757.62",0,standard,REF29
1450,user450@example.com,UK,2025-03-26,23.0,$934.97,5,standard,REF30
1451,user451@example.com,UK,2025-03-27,35.0,"$2,164.91",5,standard,REF31
1452,user452@example.com,USA,2025-03-28,53.0,$576.80,6,standard,REF32
1453,user453@example.com,Canada,2025-03-29,42.0,$171.50,6,standard,REF33
1454,user454@example.com,usa ,2025-03-30,62.0,$512.97,4,standard,REF34
1455,user455@example.com,usa ,2025-03-31,52.0,$443.64,4,standard,REF35
1456,user456@example.com,Canada,2025-04-01,40.0,"$1,093.58",4,standard,REF36
1457,user457@example.com,usa ,2025-04-02,54.0,"$1,063.04",8,standard,REF37
1458,user458@example.com,UK,2025-04-03,73.0,$968.35,10,standard,REF38
1459,user459@example.com,Canada,2025-04-04,41.0,"$2,608.20",3,standard,REF39
1460,user460@example.com,India,2025-04-05,26.0,"$1,552.81",7,standard,REF40
1461,user461@example.com,Canada,2025-04-06,41.0,$316.34,5,standard,REF41
1462,user462@example.com,India,2025-04-07,65.0,"$1,324.19",4,standard,REF42
1463,user463@example.com,USA,2025-04-08,30.0,$681.24,7,standard,REF43
1464,user464@example.com,Canada,2025-04-09,72.0,$564.27,5,standard,REF44
1465,user465@example.com,UK,2025-04-10,51.0,"$1,683.58",4,standard,REF45
1466,user466@example.com,Canada,2025-04-11,52.0,$298.07,4,standard,REF46
1467,user467@example.com,usa ,2025-04-12,,"$1,264.45",8,standard,REF47
1468,user468@example.com,canada,2025-04-13,70.0,"$1,130.50",9,standard,REF48
1469,user469@example.com,UK,2025-04-14,20.0,$292.81,3,standard,REF49
1470,user470@example.com,India,2025-04-15,35.0,$128.55,2,standard,REF50
1471,user471@example.com,India,2025-04-16,41.0,$624.50,4,standard,REF51
1472,user472@example.com,USA,2025-04-17,45.0,"$1,429.13",10,standard,REF52
1473,user473@example.com,USA,2025-04-18,45.0,$870.75,5,standard,REF53
1474,user474@example.com,usa ,2025-04-19,26.0,"$1,719.77",5,standard,REF54
1475,user475@example.com,India,2025-04-20,30.0,$827.94,11,standard,REF55
1476,user476@example.com,UK,2025-04-21,23.0,"$1,796.38",8,standard,REF56
1477,user477@example.com,Canada,2025-04-22,50.0,$404.85,8,standard,REF57
1478,user478@example.com,usa ,2025-04-23,37.0,$966.16,3,standard,REF58
1479,user479@example.com,Canada,2025-04-24,50.0,$482.68,4,standard,REF59
1480,user480@example.com,canada,2025-04-25,51.0,$609.41,5,standard,REF60
1481,user481@example.com,India,2025-04-26,58.0,$714.63,5,standard,REF61
1482,user482@example.com,canada,2025-04-27,49.0,$868.73,4,standard,REF62
1483,user483@example.com,India,2025-04-28,54.0,$358.12,6,standard,REF63
1484,user484@example.com,USA,2025-04-29,51.0,$933.35,7,standard,REF64
1485,user485@example.com,canada,2025-04-30,55.0,$687.67,5,standard,REF65
1486,user486@example.com,USA,2025-05-01,53.0,$182.06,9,standard,REF66
1487,user487@example.com,usa ,2025-05-02,,$107.09,5,standard,REF67
1488,user488@example.com,India,2025-05-03,32.0,"$1,432.74",10,standard,REF68
1489,user489@example.com,usa ,2025-05-04,62.0,$586.08,6,standard,REF69
1490,user490@example.com,UK,2025-05-05,37.0,$161.80,8,standard,REF70
1491,user491@example.com,UK,2025-05-06,49.0,"$1,992.52",7,standard,REF71
1492,user492@example.com,India,2025-05-07,29.0,"$1,001.92",7,standard,REF72
1493,user493@example.com,usa ,2025-05-08,42.0,$851.98,9,standard,REF73
1494,user494@example.com,canada,2025-05-09,48.0,$329.93,5,standard,REF74
1495,user495@example.com,USA,2025-05-10,53.0,$179.30,5,standard,REF75
1496,user496@example.com,Canada,2025-05-11,48.0,$763.29,3,standard,REF76
1497,user497@example.com,USA,2025-05-12,38.0,$655.02,3,standard,REF77
1498,user498@example.com,UK,2025-05-13,,$252.26,6,standard,REF78
1499,user499@example.com,USA,2025-05-14,47.0,$243.63,6,standard,REF79
1000,user0@example.com,Canada,2024-01-01,24.0,"$1,714.44",7,standard,
1001,user1@example.com,India,2024-01-02,55.0,"$1,013.80",5,standard,
1002,user2@example.com,usa ,2024-01-03,72.0,$582.48,8,standard,
1003,user3@example.com,USA,2024-01-04,,$914.48,7,standard,
1004,user4@example.com,USA,2024-01-05,33.0,"$1,072.82",7,standard,
1001,user5@example.com,UK,2024-01-06,43.0,$874.42,11,standard,
1002,user6@example.com,Canada,2024-01-07,48.0,$929.65,3,standard,
1007,user7@example.com,India,2024-01-08,32.0,"$1,275.88",7,standard,
